q64_4	carnage new york city rampage
q119_2	adventure into fear 1970s comics
q133_5	venom origin story eddie brock
q23_5	salvador larroca x-men
q139_3	spidey vs rhino comic
q114_4	gerry conway horror comics
q93_3	bill mantlo frank robbins 1970s horror
q148_2	x-men 1996 gambit brother
q30_3	chris bachalo marvel 2012
q153_3	ralph macchio x-men comic
q72_3	Thunderbolt Ross death Bruce Banner
q132_5	alex saviuk spider-man issue 12
q86_3	actor charity benefit comic book
q86_2	troy hickman dave simons comic
q31_4	warren ellis jeph loeb marvel
q59_3	mighty avengers arch nemesis
q80_1	scream symbiote vs knull
q29_5	A+X 2012 series issue 3
q88_4	mighty avengers namor ocean battle
q135_1	spider-man mysterio arizona
q56_2	a-next comic 1998 ron frenz
q6_3	scott lang security solutions comic
q87_3	Blue Marvel issue 5
q148_5	gambit cajun brother danger
q40_1	A-Force Civil War II
q142_1	spider-man stops hammerhead
q127_6	sentinel of liberty origin story
q28_2	A+X 2012 series issue 4
q49_2	a-next 1998 comic book
q139_2	adventures of spider-man 1996 rhino
q71_1	captain marvel vs carnage symbiote
q63_4	carnage gains allies venom
q74_2	iron fist morbius cloak dagger demogoblin
q104_5	morbius vagrant streets early 70s
q136_5	alex saviuk spider-man comic
q135_3	peter parker illusion master villain
q35_2	a-force 2015 issue 3
q62_5	carnage event comic 2019
q76_5	Miles Morales cult of carnage connection
q4_4	year of marvels july 2016
q26_3	kieron gillen a+x
q79_3	patricia robertson scream host
q92_4	fear swamp creature graphic novel
q1_3	Marvel april pranks heart infinite
q88_2	adam legend blue marvel 2008
q50_4	a-next 1998 series issue 11
q50_5	evil doppelgangers defeated avengers
q102_4	morbius king gerark kingdom
q107_2	adventure into fear 17
q82_4	riot phage agony lasher symbiote
q108_3	man-thing acidic burn
q97_3	Doug Moench Frank Robbins 1970s
q111_5	occultist text missing man-thing restored
q28_3	David Latour Kaare Andrews Marvel
q101_5	morbius returns land within
q56_5	new avengers battle villain tom defalco
q141_2	adventures of spider-man 1996 issue 3
q154_2	adventures of the x-men 1996 issue 2
q87_4	Adam legend of the blue marvel
q18_4	max bemis say anything comics
q133_4	alex saviuk penciler marvel
q131_4	rachel summers askani mother
q113_5	man-thing jennifer kale bond
q134_5	alex saviuk nel yomtov spider-man
q101_4	craig russell marvel vampire
q47_5	all-female avengers battleworld
q90_3	kevin grevioux marvel comics
q78_2	Absolute Carnage Miles Morales comic
q100_3	steve gerber blade morbius comic
q146_1	x-men mojoverse adventure
q116_4	adventure into fear 8
q66_3	absolute carnage 2019 comic
q42_3	she-hulk team fights nico magical powers
q127_5	kevin maguire adventures captain america
q34_1	a-force traitor revealed
q11_1	spider-man valentine's day vulture romance
q143_4	punisher fighting style disagree
q110_4	planet possession violent outbreaks comic
q80_2	absolute carnage patricia robertson
q40_5	A-Force team disbanded Civil War
q76_4	Saladin Ahmed Federico Vicentini Marvel 2019
q106_4	man-thing indifferent hero victims
q58_2	doctor strange hulk sub-mariner
q99_4	steve gerber doug moench vampire tale
q147_1	x-men vanisher cyclops jean grey
q103_3	steve gerber gil kane marvel
q87_2	Adam Brashear final battle
q48_4	marvel all ages avengers digest
q102_1	morbius balkatar demon
q73_3	misty knight man-wolf battle
q71_2	carol danvers chewie absolute carnage
q37_1	female avengers team comic
q22_5	opposite sides of the law Black Widow
q47_1	a-force marvel comics
q2_1	Nick Fury Japan weapons auction
q74_5	demogoblin resurrection villain comic
q30_2	iron man kitty pryde brood
q70_3	Absolute Carnage 2019 comics
q20_2	captain america vs jubilee
q64_2	absolute carnage 2019 issue 2
q117_3	stan lee larry lieber jack kirby
q36_3	female avengers team comic 2015
q143_1	spider-man vs punisher conflict
q116_2	stan lee jack kirby adventure fear
q14_2	Captain America Cyclops comic
q143_2	spider-man 1996 comic series
q34_4	female superhero team betrayal
q84_4	first host venom before eddie brock
q17_4	Dream Thief creators comic 2012
q153_4	adventures x-men issue 3
q140_1	spider-man vs vulture
q136_3	spider-man vanessa kingpin vulnerability
q63_3	donny cates ryan stegman marvel
q105_4	jennifer kale korrek barbarian
q54_2	Ion Man first appearance Marvel
q60_2	tom defalco ron frenz marvel
q54_1	Mainframe mystery revealed
q91_5	hidden hero returns to fight villain
q43_4	Dazzler secret revealed comic
q31_2	captain america cable avengers vs x-men
q31_3	avx spinoff comic 2012
q125_3	adventures of captain america 1991 issue 3
q95_1	living vampire comics 1970s
q131_1	cyclops phoenix future timeline
q131_3	jean grey scott summers dystopian
q44_5	nico minoru medusa fighting antimatter threat
q58_5	next generation avengers battle defenders
q4_1	winter soldier fourth of july story
q82_2	separation anxiety marvel horror comic
q85_5	absolute carnage weapon plus jed mackay
q78_3	Miles Morales symbiote venom story
q49_1	ant-man daughter avengers revenge
q101_1	morbius strange planet hunger
q84_1	venom origin story alien symbiote
q54_3	A-Next 1998 Tom DeFalco
q20_5	mike deodato captain america
q53_3	Ron Frenz Marvel 1998
q55_1	hercules son marvel comics
q79_1	scream carnage symbiote battle
q9_1	kate bishop halloween comic
q51_3	a-next 1998 ron frenz
q94_5	adventure into fear 30 horror
q19_1	Captain America Cyclops collision course
q103_2	adventure into fear 1970 tara
q45_4	female avengers space mission comic
q107_5	wundarr superhuman powers terror
q155_3	ralph macchio ben herrera x-men
q36_4	She-Hulk discovers conspiracy wrong side of law
q24_3	a+x issue 8
q83_1	carnage hunting symbiote hosts
q92_2	man-thing bayou horror comics
q125_4	fabian nicieza kevin maguire captain america
q132_2	spider-man animated series comic 1996
q141_4	wall-crawler vs mr sinister
q61_1	venom vs carnage final battle
q62_1	carnage vs venom eddie brock
q84_5	symbiote new york city untold tale
q153_5	mutant rescue spider-man villain
q76_3	Spider-Man mind control Ravencroft
q12_4	Dennis Culver Leonardo Romero Marvel comic
q42_1	a-force vs nico minoru mind control
q155_2	x-men 1996 hulkbuster base
q122_5	monster horror comic book 1970s
q91_1	blue marvel anti-man
q67_3	deadpool carnage 2019 comic
q75_5	Frank Tieri Carnage story
q33_4	female avengers traitor finale
q26_4	villains unite marvel comics
q121_1	magic paint brings artwork to life
q148_3	ragin cajun war thieves
q108_1	man-thing swamp monster 1970s
q33_1	a-force marvel avengers team
q126_1	captain america bucky barnes first meeting
q57_5	american dream marvel comic series
q123_5	classic Marvel monster story
q40_4	Kelly Thompson A-Force 2016
q68_3	Symbiote hunters Deadpool 2019
q27_5	dale keown iron man story
q128_2	nathan dayspring techno-organic virus
q55_3	ron frenz tom defalco 1998
q41_4	Female Marvel superhero team Countess
q19_2	Emma Frost Black Widow Howard Chaykin
q24_2	deadpool hawkeye conflict
q43_1	A-Force dragon attack issue 5
q69_6	Deadpool 2019 villain clash
q46_5	sentient entity avengers assembly
q73_1	carnage doppelganger army manhattan
q156_1	Aero Iron Man Jade Towers Shanghai
q16_1	Iron Man and Broo Marvel story
q121_4	artist given magical powers comic
q124_3	fabian nicieza kevin maguire captain america
q65_1	carnage returns to new york
q109_1	man-thing new york city adventure into fear
q110_2	dakimh the enchanter talisman
q90_5	blue marvel disappearance 40 years
q96_2	simon stroud mercenary comics
q25_5	Christopher Yost Marvel anthology
q98_1	adventure into fear 26
q153_2	x-men 1996 spidey guest appearance
q86_1	spider-man hulk marvel one-shot 2003
q5_3	paul allor diego olortegui marvel
q49_4	tom defalco ron frenz marvel
q36_5	Marguerite Bennett G. Willow Wilson Avengers
q41_7	Thor rock A-Force drama
q148_4	adventures x-men gambit assassins guild conflict
q52_4	blacklight thunderstrike battle
q38_4	female superhero team alice mysterious woman
q109_5	man-thing florida new york how did he get there
q127_3	fabian nicieza captain america
q37_5	mightiest marvel women series
q11_2	ant-man heist march year of marvels
q94_2	bloody sacrifice living vampires
q23_4	spider-woman investigation lockheed
q56_1	next generation avengers doctor doom
q16_4	a+x 2012 series issue 16
q53_1	Scarlet Witch hiding location A-Next
q57_1	american dream joins avengers
q95_2	simon stroud helleyes
q93_5	man-thing fear series martine doomed
q36_2	A-Force issue 2
q10_1	Squirrel Girl Tippy-Toe Rocket Raccoon
q72_2	Red Hulk Venom symbiote 2019
q24_4	nathan edmondson marvel
q1_5	fun Marvel infinite comic april
q68_5	Dark Carnage Codex hunters
q7_5	Wendigo horror Marvel story
q135_2	adventures of spider-man 1996 issue 9
q71_3	emily lerner captain marvel 2019
q104_4	paul gulacy mike friedrich vampire comic
q116_1	plant monster comic 1970
q32_4	marvel babies tie-in comic
q12_2	Year of Marvels infinite comic print edition
q150_5	x-men fighting apocalypse together magneto
q66_5	director's cut edition with script pages
q60_3	next generation avengers
q56_4	a-next issue 5
q85_3	sym-soldier program nick fury
q108_4	industrial villain swamp horror
q134_3	adventures of spider-man 10
q144_1	X-Men cosmic battle Shi'ar Empire
q79_2	absolute carnage knull psychic influence
q70_1	carnage symbiote avengers doverton colorado
q7_4	Dennis Culver Leonardo Romero
q54_5	Ron Frenz Marvel Comics 1998
q75_1	Carnage cult New York City
q131_2	age of apocalypse x-men
q145_2	adventures of the x-men 1996 issue 11
q64_5	venom teams up with spider-man against carnage
q121_5	fear comics 70s with living art
q39_5	civil war ii tie-in a-force
q149_3	savage sabretooth rite of passage
q45_3	kelly thompson a-force 2016
q127_4	agent x mystery marvel
q137_1	spider-man kingpin mary jane hostage
q120_1	robot loose alien mind swap
q42_4	a-force 2016 kelly thompson ben caldwell
q69_5	Carnage mental hospital battle
q128_5	scott lobdell gene ha marvel
q29_3	Chris Bachalo A+X comic
q138_2	adventures of spider-man 1996 issue 6
q33_2	she-hulk battleworld island
q98_2	caretakers of arcturus marvel
q51_2	what happened to original avengers comic
q139_5	andy kuhn spider-man rescue
q15_5	david yardin x-factor comic 2012
q72_5	Absolute Carnage symbiote gamma material
q48_1	spider-girl avengers next second coming
q55_4	next generation hercules bloodline
q83_4	danny ketch symbiote god knull
q138_4	puppet master goes wrong at art show
q129_3	rachel summers transported scott jean future
q35_4	marguerite bennett a-force comic
q31_5	stuart immonen avengers x-men crossover
q111_4	nether-spawn cult chaos comic 1970s
q41_6	Ben Caldwell A-Force comic
q155_1	wolverine hulk berserker captive
q15_1	spider-man psylocke comic
q22_4	Brian Clay Moore Adam Warren Marvel
q63_5	spider-man venom vs carnage 2019
q53_5	A-Next issue 8 1990s Marvel
q36_1	She-Hulk Avengers monsters Arcadia
q149_1	jubilee sabretooth fight
q69_7	Marcelo Ferreira Marvel action
q152_5	x-men team leader distress call
q27_2	zeb wells marvel 2012
q124_1	captain america red skull final battle
q48_2	a-next comic book series
q136_2	adventures of spider-man 1996
q45_5	a-force she-hulk medusa dazzler
q148_1	gambit thieves guild assassins
q97_1	man-wolf vampire comic
q39_4	elsa bloodstone team splits up
q132_1	doc ock venom spider-man
q140_2	adventures of spider-man 1996 comic
q88_3	blue marvel vs anti-man
q17_5	Gerry Duggan Deadpool writer Marvel
q29_1	Black Widow Rogue Sentinels
q19_3	A+X 13 Gerry Duggan David Yardin
q3_3	Ryan North Spider-Man romance adventure
q30_5	lockheed battles brood storyline
q102_5	living vampire cornered by demon
q66_2	donny cates ryan stegman symbiote
q81_1	Scream symbiote returns Patricia Robertson
q15_4	heartbreaking spider-man story marvel
q7_2	Year of Marvels May 2016
q16_5	Paco Diaz Wolverine Japan's Most Wanted artist
q15_2	a+x 17
q34_5	jorge molina marvel 2015
q85_1	carnage symbiote god knull
q130_3	adventures cyclops phoenix 1994
q137_4	nel yomtov spider-man wilson fisk
q118_4	monstrous transformation comic book
q74_4	frank tieri carnage series
q69_3	Frank Tieri Carnage comic
q121_2	adventure into fear 1970 issue 3
q6_5	ant-man stealing back stolen goods
q132_4	mj kidnapped doc ock venom
q62_2	absolute carnage issue 4
q119_3	stan lee jack kirby early 70s
q120_4	body swap alien story marvel
q143_5	alex saviuk spider-man adventures
q69_4	Deadpool Ravencroft Institute madness
q135_5	alex saviuk nel yomtov spider-man
q65_5	absolute carnage first issue
q87_5	Blue Marvel arch nemesis showdown
q125_2	agent x identity reveal
q32_2	skottie young a-babies x-babies
q138_5	andy kuhn spider-man pencils
q9_5	year of marvels october
q117_2	adventure into fear 1970s horror comic
q102_3	steve gerber rich buckler marvel
q139_1	spider-man rescues astronaut
q117_1	man's nightmares become real
q115_4	Jack Kirby fear series issue 9
q122_2	adventure into fear 1970 comics
q30_1	spider-man beast zombies comic
q41_1	A-Force 2016 issue 7
q138_3	michael higgins spider-man comic
q152_1	x-men salem center demons
q133_1	venom eddie brock reunited symbiote
q10_3	Nilah Magruder Marvel infinite comic
q8_5	Paul Davidson Marvel infinite comic
q8_4	Punisher life or death story
q133_3	glenn greenberg spider-man comic
q41_2	A-Force vs Countess mind control
q134_1	spider-man tinkerer beetle surveillance
q129_2	nathan dayspring telepathic powers cybernetic arm
q62_4	venom sacrifice cletus kasady
q63_1	venom spider-man carnage battle
q92_3	Man-Thing 2004 series collection
q114_1	man-thing 1970s comics
q25_4	A+X 2012 series
q40_2	Captain Marvel murder vision A-Force
q34_3	a-force arcadia threatened
q103_4	morbius conscience conflict issue 21
q150_4	ralph macchio ben herrera x-men comic
q114_2	gil kane adventure into fear
q23_3	adam warren marvel short story
q107_4	man-thing fights alien man-child citrusville
q82_1	carnage symbiotes stray dog midwest
q32_3	x-babies a-babies 2012
q152_2	cyclops n'garai attack 1996
q52_1	thunderstrike vs serpent soldiers
q25_1	Thing and Gambit dangerous game
q151_2	adventures of the x-men 1996 magneto brotherhood
q141_1	spider-man captured by mr sinister
q115_3	dead man's escape Marvel
q124_5	captain america devastating revelations
q18_5	david lafuente penciler 2012
q112_2	adventure into fear 12
q98_4	fear comic 1970s final undoing
q51_1	a-next parallel reality dr doom
q104_3	morbius origin story los angeles
q77_3	miles morales possessed by symbiote
q4_2	bucky barnes hydra heist comic
q46_4	cosmic event battleworld escape
q109_3	kale family swamp monster
q105_2	adventure into fear 19
q67_1	deadpool vs carnage symbiote
q83_5	ed brisson juan frigeri 2019
q147_3	x-men vs spiral and sentinels
q31_1	wolverine hulk team up
q18_3	a+x 14 marvel
q23_1	spider-woman kitty pryde alien
q3_2	Year of Marvels February infinite comic
q84_2	carnage symbiote spider-man 2019
q52_2	a-next 1998 comic series
q11_3	ryan north peter parker short story
q15_3	gerry duggan captain america cyclops
q126_5	adventures of captain america issue 2
q125_5	steve rogers mystery enemy
q52_3	ron frenz marvel next generation
q49_3	wasp daughter seeks retribution
q28_5	A+X comic two characters one villain
q10_5	Siya Oum squirrel girl comic
q68_4	Frank Tieri Carnage Deadpool
q35_3	marvel female superhero team battleworld
q112_4	corrupt sheriff and black man targeted
q10_4	Tippy-Toe Central Park villain team-up
q20_4	christos gage marvel comics
q64_1	spider-man venom carnage
q151_3	nuclear threat x-men magneto attack
q21_1	thor magik demons limbo
q37_2	a-force marvel 2015
q90_4	shield government secrets superhero
q1_4	a year of marvels infinite comic 2016
q16_2	Captain America Cyclops Skrulls battle
q128_4	rachel summers astral plane encounter
q24_5	humberto ramos comic 2012
q150_3	x-men brotherhood russian missile crisis
q77_4	carnage takes over miles morales
q44_4	g. willow wilson kelly thompson comic
q127_1	captain america origins 1991
q134_4	spider-man privacy threat comic
q123_1	monster in the swamp comic
q43_3	Kelly Thompson A-Force 2016
q132_3	glenn greenberg spider-man adventures
q43_5	Nico Minoru Medusa Singularity battle
q39_2	nico minoru missing girl colorado
q147_4	storm cyclops action comics 1996
q11_5	amy chu ryan browne marvel comics
q14_5	Gerry Duggan Deadpool writer X-Men
q37_3	marguerite bennett g willow wilson
q77_2	absolute carnage spider-man dark doppelganger
q152_3	adventures x-men issue 4
q17_2	Captain America Cyclops A+X
q38_1	a-force civil war ii tie-in
q100_5	morbius the living vampire blade battle
q107_3	steve gerber man-thing extraterrestrial
q29_4	Marvel movie characters fighting sentinels
q3_4	Marvel calendar series February 2016
q61_2	absolute carnage issue 5
q128_3	apocalypse stryfe host consciousness
q19_4	Avengers X-Men team up story
q21_3	a+x comic 2012
q80_5	symbiote carnage storyline issue 2
q137_2	peter parker kidnapped girlfriend comic
q98_5	arcturus caretakers defeat
q122_3	stan lee larry lieber jack kirby
q46_3	kelly thompson g. willow wilson marvel
q26_1	loki mr sinister team up
q21_2	cyclops superior spider-man fight
q92_1	man-thing whatever knows fear
q124_4	cap showdown red skull issue 4
q72_1	Carnage Immortal Hulk comic
q149_2	x-men 1996 comic series
q152_4	ralph macchio mike miller x-men
q154_3	x-factor helps x-men rescue hulk
q20_1	beast and wonder man
q85_4	grendel ancient symbiote origin
q44_1	a-force singularity antimatter
q17_1	Doctor Strange Beast crossover
q104_1	morbius the living vampire first appearance
q71_5	captain marvel carnagized villain battle
q47_3	She-Hulk Captain Marvel Dazzler
q123_2	adventure into fear 1970
q153_1	spider-man saves mutant from mr sinister
q41_5	A-Force Nico rescue mission
q111_2	jennifer kale sorcerer grandfather adventure into fear
q138_1	spider-man puppet master gallery
q122_1	enchanted typewriter monster stories
q67_2	absolute carnage deadpool spine codexes
q21_5	thor versus spider-man team up
q106_5	adventure into fear 18 swamp creature
q155_4	wolverine hulk bond comic
q107_1	man-thing wundarr alien
q96_3	doug moench frank robbins 1970s
q38_5	nico minoru murderer choice save town
q108_2	steve gerber fear comics
q147_5	x-men vanisher issue 9
q74_3	absolute carnage lethal protectors 2019
q7_3	Mother's Day Marvel infinite comic
q66_1	carnage vs venom showdown
q39_1	a-force civil war ii
q90_2	anti-man attacks avengers
q74_1	carnage cult hunting misty knight
q144_4	X-Men Shi'ar intergalactic conflict
q154_4	ralph macchio x-men comic
q9_3	marvel october infinite comic 2016
q89_2	Adam forgotten hero Marvel
q129_5	gene ha penciler nathan dayspring parents secret
q68_2	Absolute Carnage Deadpool comic
q106_2	adventure into fear 1970s horror comic
q150_2	adventures of the x-men 1996 issue 6
q28_1	Storm Black Panther post-Avengers vs X-Men
q88_1	blue marvel anti-man
q105_5	peanut butter dimension marvel 1970
q56_3	young avengers face doctor doom
q128_1	cyclops phoenix 1994 comic
q118_3	stan lee larry lieber jack kirby
q114_5	man-thing father revenge story
q145_4	man-thing x-men comic
q91_2	blue marvel first appearance 2008
q60_4	a-next #1 first issue
q87_1	Blue Marvel vs Anti-Man
q4_5	winter soldier storage locker robbery
q27_4	a+x series issue 5
q48_3	next generation avengers captain america heir
q24_1	captain america wolverine villain
q65_3	donny cates symbiote
q95_3	bill mantlo don heck marvel
q142_2	adventures of spider-man 1996 series
q50_1	a-next evil avengers
q32_1	babies vs babies marvel comic
q45_2	she-hulk captain marvel nico minoru
q5_1	nova sam alexander father's day
q136_4	peter parker mj kidnapped
q50_2	ron frenz tom defalco avengers
q100_2	adventure into fear 1970s vampire hunter
q55_5	a-next issue 6 almighty
q115_5	1970 underwater horror comic book
q8_2	Frank Castle underground cat and mouse
q81_2	Absolute Carnage Scream 2019
q13_3	Year of Marvels 2016 Hawkeye
q48_5	black panther son avengers next generation
q5_4	nova midnight's fire iron man
q73_2	absolute carnage lethal protectors 2019
q130_5	dayspring couple mysterious stranger olde english
q144_2	adventures x-men 1996 universal forces
q97_2	Simon Stroud hunter marvel
q103_1	morbius psychic powers reveal
q10_2	a year of marvels september 2016
q57_2	a-next 1998 shannon carter
q41_3	Kelly Thompson A-Force
q114_3	man-thing child danger justice
q146_5	x-men 90s cartoon series episodes
q83_3	absolute carnage vengeance
q5_5	sam alexander dad missing space
q134_2	spidey identity exposed 1996
q89_5	Marvel golden age guardian mystery
q126_4	kevin maguire captain america comic
q94_3	bill mantlo george evans adventure into fear
q59_1	next generation avengers comics
q89_1	Blue Marvel comic 2008
q146_4	mojoworld x-men comics
q120_2	adventure into fear 1970s comics
q22_2	Scarlet Witch Domino comic
q34_2	marguerite bennett g willow wilson comics
q111_3	steve gerber man-thing transformation
q119_1	scientist gorilla transformation marvel
q110_1	man-thing florida everglades
q46_1	a-force singularity antimatter
q35_5	she-hulk on the run
q65_4	cletus kasady revenge storyline
q25_2	Thor Iceman teamup comic
q3_1	Peter Parker Valentine's Day Vulture
