q1_2	Yves Bigerel Marvel infinite comic	1
q1_3	Marvel april pranks heart infinite	1
q1_4	a year of marvels infinite comic 2016	1
q1_5	fun Marvel infinite comic april	1
q2_1	Nick Fury Japan weapons auction	2
q2_2	Year of Marvels August 2016	2
q2_3	Chad Bowers Chris Sims Marvel	2
q2_4	Bon Festival Marvel comic infinite	2
q2_5	Jamal Campbell Nick Fury story	2
q3_1	Peter Parker Valentine's Day Vulture	3
q3_2	Year of Marvels February infinite comic	3
q3_3	Ryan North Spider-Man romance adventure	3
q3_4	Marvel calendar series February 2016	3
q3_5	Spider-Man date interrupted bank robbery	3
q4_1	winter soldier fourth of july story	4
q4_2	bucky barnes hydra heist comic	4
q4_3	chuck wendig winter soldier infinite comic	4
q4_4	year of marvels july 2016	4
q4_5	winter soldier storage locker robbery	4
q5_1	nova sam alexander father's day	5
q5_2	year of marvels june 2016	5
q5_3	paul allor diego olortegui marvel	5
q5_4	nova midnight's fire iron man	5
q5_5	sam alexander dad missing space	5
q6_1	ant-man heist march 2016	6
q6_2	amy chu ryan browne marvel	6
q6_3	scott lang security solutions comic	6
q6_4	year of marvels spring break infinite	6
q6_5	ant-man stealing back stolen goods	6
q7_1	Wendigo Sisters She-Hulk Wolverine	7
q7_2	Year of Marvels May 2016	7
q7_3	Mother's Day Marvel infinite comic	7
q7_4	Dennis Culver Leonardo Romero	7
q7_5	Wendigo horror Marvel story	7
q8_1	Punisher thanksgiving infinite comic 2016	8
q8_2	Frank Castle underground cat and mouse	8
q8_3	Year of Marvels November Elliott Casey	8
q8_4	Punisher life or death story	8
q8_5	Paul Davidson Marvel infinite comic	8
q9_1	kate bishop halloween comic	9
q9_2	hawkeye haunted house story	9
q9_3	marvel october infinite comic 2016	9
q9_4	jeremy whitley laura braga	9
q9_5	year of marvels october	9
q10_1	Squirrel Girl Tippy-Toe Rocket Raccoon	10
q10_2	a year of marvels september 2016	10
q10_3	Nilah Magruder Marvel infinite comic	10
q10_4	Tippy-Toe Central Park villain team-up	10
q10_5	Siya Oum squirrel girl comic	10
q11_1	spider-man valentine's day vulture romance	11
q11_2	ant-man heist march year of marvels	11
q11_3	ryan north peter parker short story	11
q11_4	year of marvels monthly anthology 2016	11
q11_5	amy chu ryan browne marvel comics	11
q12_1	She-Hulk and Wolverine vs Wendigo Sisters	12
q12_2	Year of Marvels infinite comic print edition	12
q12_3	Mother's Day horror Marvel story 2016	12
q12_4	Dennis Culver Leonardo Romero Marvel comic	12
q12_5	Wendigo Sisters Marvel mother murder story	12
q13_1	Kate Bishop Halloween comic	13
q13_2	Punisher Frank Castle underground	13
q13_3	Year of Marvels 2016 Hawkeye	13
q13_4	Marvel horror anthology haunted house	13
q13_5	Punisher cat and mouse survival story	13
q14_1	Kitty Pryde Vision story	14
q14_2	Captain America Cyclops comic	14
q14_3	Brian Michael Bendis Kevin Nowlan	14
q14_4	a+x final issue 2014	14
q14_5	Gerry Duggan Deadpool writer X-Men	14
q15_1	spider-man psylocke comic	15
q15_2	a+x 17	15
q15_3	gerry duggan captain america cyclops	15
q15_4	heartbreaking spider-man story marvel	15
q15_5	david yardin x-factor comic 2012	15
q16_1	Iron Man and Broo Marvel story	16
q16_2	Captain America Cyclops Skrulls battle	16
q16_3	Jeff Loveness Marvel Comics debut	16
q16_4	a+x 2012 series issue 16	16
q16_5	Paco Diaz Wolverine Japan's Most Wanted artist	16
q17_1	Doctor Strange Beast crossover	17
q17_2	Captain America Cyclops A+X	17
q17_3	Jai Nitz Greg Smallwood Marvel	17
q17_4	Dream Thief creators comic 2012	17
q17_5	Gerry Duggan Deadpool writer Marvel	17
q18_1	captain america cyclops cadre k	18
q18_2	superior spider-man magneto team up	18
q18_3	a+x 14 marvel	18
q18_4	max bemis say anything comics	18
q18_5	david lafuente penciler 2012	18
q19_1	Captain America Cyclops collision course	19
q19_2	Emma Frost Black Widow Howard Chaykin	19
q19_3	A+X 13 Gerry Duggan David Yardin	19
q19_4	Avengers X-Men team up story	19
q19_5	A+X Avengers X-Men crossover series	19
q20_1	beast and wonder man	20
q20_2	captain america vs jubilee	20
q20_3	a+x 2012 series	20
q20_4	christos gage marvel comics	20
q20_5	mike deodato captain america	20
q21_1	thor magik demons limbo	21
q21_2	cyclops superior spider-man fight	21
q21_3	a+x comic 2012	21
q21_4	mike benson jim krueger marvel	21
q21_5	thor versus spider-man team up	21
q22_1	Black Widow Fantomex Russia	22
q22_2	Scarlet Witch Domino comic	22
q22_3	a+x 2012 series issue 10	22
q22_4	Brian Clay Moore Adam Warren Marvel	22
q22_5	opposite sides of the law Black Widow	22
q23_1	spider-woman kitty pryde alien	23
q23_2	a+x 2012	23
q23_3	adam warren marvel short story	23
q23_4	spider-woman investigation lockheed	23
q23_5	salvador larroca x-men	23
q24_1	captain america wolverine villain	24
q24_2	deadpool hawkeye conflict	24
q24_3	a+x issue 8	24
q24_4	nathan edmondson marvel	24
q24_5	humberto ramos comic 2012	24
q25_1	Thing and Gambit dangerous game	25
q25_2	Thor Iceman teamup comic	25
q25_3	Stefano Caselli Avengers comic	25
q25_4	A+X 2012 series	25
q25_5	Christopher Yost Marvel anthology	25
q26_1	loki mr sinister team up	26
q26_2	captain marvel wolverine	26
q26_3	kieron gillen a+x	26
q26_4	villains unite marvel comics	26
q26_5	giuseppe camuncoli wolverine captain marvel	26
q27_1	iron man beast team up comic	27
q27_2	zeb wells marvel 2012	27
q27_3	iron fist doop first adventure	27
q27_4	a+x series issue 5	27
q27_5	dale keown iron man story	27
q28_1	Storm Black Panther post-Avengers vs X-Men	28
q28_2	A+X 2012 series issue 4	28
q28_3	David Latour Kaare Andrews Marvel	28
q28_4	Storm Black Panther fight villain	28
q28_5	A+X comic two characters one villain	28
q29_1	Black Widow Rogue Sentinels	29
q29_2	Gambit Hawkeye Marvel teamup	29
q29_3	Chris Bachalo A+X comic	29
q29_4	Marvel movie characters fighting sentinels	29
q29_5	A+X 2012 series issue 3	29
q30_1	spider-man beast zombies comic	30
q30_2	iron man kitty pryde brood	30
q30_3	chris bachalo marvel 2012	30
q30_4	avengers x-men team up zombies	30
q30_5	lockheed battles brood storyline	30
q31_1	wolverine hulk team up	31
q31_2	captain america cable avengers vs x-men	31
q31_3	avx spinoff comic 2012	31
q31_4	warren ellis jeph loeb marvel	31
q31_5	stuart immonen avengers x-men crossover	31
q32_1	babies vs babies marvel comic	32
q32_2	skottie young a-babies x-babies	32
q32_3	x-babies a-babies 2012	32
q32_4	marvel babies tie-in comic	32
q32_5	skottie young baby characters	32
q33_1	a-force marvel avengers team	33
q33_2	she-hulk battleworld island	33
q33_3	g. willow wilson marguerite bennett	33
q33_4	female avengers traitor finale	33
q33_5	a-force arcadia destruction	33
q34_1	a-force traitor revealed	34
q34_2	marguerite bennett g willow wilson comics	34
q34_3	a-force arcadia threatened	34
q34_4	female superhero team betrayal	34
q34_5	jorge molina marvel 2015	34
q35_1	she-hulk a-force thor corps	35
q35_2	a-force 2015 issue 3	35
q35_3	marvel female superhero team battleworld	35
q35_4	marguerite bennett a-force comic	35
q35_5	she-hulk on the run	35
q36_1	She-Hulk Avengers monsters Arcadia	36
q36_2	A-Force issue 2	36
q36_3	female avengers team comic 2015	36
q36_4	She-Hulk discovers conspiracy wrong side of law	36
q36_5	Marguerite Bennett G. Willow Wilson Avengers	36
q37_1	female avengers team comic	37
q37_2	a-force marvel 2015	37
q37_3	marguerite bennett g willow wilson	37
q37_4	women superheroes battleworld island	37
q37_5	mightiest marvel women series	37
q38_1	a-force civil war ii tie-in	38
q38_2	nico minoru captain marvel	38
q38_3	kelly thompson a-force 2016	38
q38_4	female superhero team alice mysterious woman	38
q38_5	nico minoru murderer choice save town	38
q39_1	a-force civil war ii	39
q39_2	nico minoru missing girl colorado	39
q39_3	a-force kelly thompson issue 9	39
q39_4	elsa bloodstone team splits up	39
q39_5	civil war ii tie-in a-force	39
q40_1	A-Force Civil War II	40
q40_2	Captain Marvel murder vision A-Force	40
q40_3	Elsa Bloodstone joins A-Force	40
q40_4	Kelly Thompson A-Force 2016	40
q40_5	A-Force team disbanded Civil War	40
q41_1	A-Force 2016 issue 7	41
q41_2	A-Force vs Countess mind control	41
q41_3	Kelly Thompson A-Force	41
q41_4	Female Marvel superhero team Countess	41
q41_5	A-Force Nico rescue mission	41
q41_6	Ben Caldwell A-Force comic	41
q41_7	Thor rock A-Force drama	41
q42_1	a-force vs nico minoru mind control	42
q42_2	countess rebuilds town a-force	42
q42_3	she-hulk team fights nico magical powers	42
q42_4	a-force 2016 kelly thompson ben caldwell	42
q42_5	nico minoru possessed against a-force	42
q43_1	A-Force dragon attack issue 5	43
q43_2	She-Hulk Captain Marvel fighting dragon	43
q43_3	Kelly Thompson A-Force 2016	43
q43_4	Dazzler secret revealed comic	43
q43_5	Nico Minoru Medusa Singularity battle	43
q44_1	a-force singularity antimatter	44
q44_2	she-hulk captain marvel save the world	44
q44_3	a-force 2016 final battle	44
q44_4	g. willow wilson kelly thompson comic	44
q44_5	nico minoru medusa fighting antimatter threat	44
q45_1	a-force team antimatter battle	45
q45_2	she-hulk captain marvel nico minoru	45
q45_3	kelly thompson a-force 2016	45
q45_4	female avengers space mission comic	45
q45_5	a-force she-hulk medusa dazzler	45
q46_1	a-force singularity antimatter	46
q46_2	female avengers team japan	46
q46_3	kelly thompson g. willow wilson marvel	46
q46_4	cosmic event battleworld escape	46
q46_5	sentient entity avengers assembly	46
q47_1	a-force marvel comics	47
q47_2	Singularity assembles female avengers team	47
q47_3	She-Hulk Captain Marvel Dazzler	47
q47_4	G. Willow Wilson a-force	47
q47_5	all-female avengers battleworld	47
q48_1	spider-girl avengers next second coming	48
q48_2	a-next comic book series	48
q48_3	next generation avengers captain america heir	48
q48_4	marvel all ages avengers digest	48
q48_5	black panther son avengers next generation	48
q49_1	ant-man daughter avengers revenge	49
q49_2	a-next 1998 comic book	49
q49_3	wasp daughter seeks retribution	49
q49_4	tom defalco ron frenz marvel	49
q49_5	next generation avengers comic series	49
q50_1	a-next evil avengers	50
q50_2	ron frenz tom defalco avengers	50
q50_3	avengers fighting counterparts comic	50
q50_4	a-next 1998 series issue 11	50
q50_5	evil doppelgangers defeated avengers	50
q51_1	a-next parallel reality dr doom	51
q51_2	what happened to original avengers comic	51
q51_3	a-next 1998 ron frenz	51
q51_4	marvel alternate universe supreme leader	51
q51_5	a-next issue 10 next avengers	51
q52_1	thunderstrike vs serpent soldiers	52
q52_2	a-next 1998 comic series	52
q52_3	ron frenz marvel next generation	52
q52_4	blacklight thunderstrike battle	52
q52_5	a-next issue 9 soldiers of serpent	52
q53_1	Scarlet Witch hiding location A-Next	53
q53_2	Ant-Man Stinger Mainframe team	53
q53_3	Ron Frenz Marvel 1998	53
q53_4	where has scarlet witch been	53
q53_5	A-Next issue 8 1990s Marvel	53
q54_1	Mainframe mystery revealed	54
q54_2	Ion Man first appearance Marvel	54
q54_3	A-Next 1998 Tom DeFalco	54
q54_4	when does Mainframe meet Ion Man	54
q54_5	Ron Frenz Marvel Comics 1998	54
q55_1	hercules son marvel comics	55
q55_2	argos the almighty a-next	55
q55_3	ron frenz tom defalco 1998	55
q55_4	next generation hercules bloodline	55
q55_5	a-next issue 6 almighty	55
q56_1	next generation avengers doctor doom	56
q56_2	a-next comic 1998 ron frenz	56
q56_3	young avengers face doctor doom	56
q56_4	a-next issue 5	56
q56_5	new avengers battle villain tom defalco	56
q57_1	american dream joins avengers	57
q57_2	a-next 1998 shannon carter	57
q57_3	new avengers hiring tom defalco	57
q57_4	ron frenz marvel comics 1998	57
q57_5	american dream marvel comic series	57
q58_1	original defenders vs new avengers	58
q58_2	doctor strange hulk sub-mariner	58
q58_3	a-next 1998 comic series	58
q58_4	tom defalco ron frenz marvel	58
q58_5	next generation avengers battle defenders	58
q59_1	next generation avengers comics	59
q59_2	tom defalco ron frenz 1998	59
q59_3	mighty avengers arch nemesis	59
q59_4	a-next issue 2	59
q59_5	new avengers team first villain	59
q60_1	a-next comic 1998	60
q60_2	tom defalco ron frenz marvel	60
q60_3	next generation avengers	60
q60_4	a-next #1 first issue	60
q60_5	ron frenz penciler 90s comics	60
q61_1	venom vs carnage final battle	61
q61_2	absolute carnage issue 5	61
q61_3	donny cates carnage comic	61
q61_4	ryan stegman venom carnage	61
q61_5	venom carnage to the death	61
q62_1	carnage vs venom eddie brock	62
q62_2	absolute carnage issue 4	62
q62_3	donny cates ryan stegman symbiote	62
q62_4	venom sacrifice cletus kasady	62
q62_5	carnage event comic 2019	62
q63_1	venom spider-man carnage battle	63
q63_2	absolute carnage issue 3	63
q63_3	donny cates ryan stegman marvel	63
q63_4	carnage gains allies venom	63
q63_5	spider-man venom vs carnage 2019	63
q64_1	spider-man venom carnage	64
q64_2	absolute carnage 2019 issue 2	64
q64_3	donny cates ryan stegman marvel	64
q64_4	carnage new york city rampage	64
q64_5	venom teams up with spider-man against carnage	64
q65_1	carnage returns to new york	65
q65_2	venom vs carnage 2019	65
q65_3	donny cates symbiote	65
q65_4	cletus kasady revenge storyline	65
q65_5	absolute carnage first issue	65
q66_1	carnage vs venom showdown	66
q66_2	donny cates ryan stegman symbiote	66
q66_3	absolute carnage 2019 comic	66
q66_4	cletus kasady return to new york	66
q66_5	director's cut edition with script pages	66
q67_1	deadpool vs carnage symbiote	67
q67_2	absolute carnage deadpool spine codexes	67
q67_3	deadpool carnage 2019 comic	67
q67_4	frank tieri deadpool symbiote battle	67
q67_5	deadpool spider-man carnage fight	67
q68_1	Carnage vs Deadpool	68
q68_2	Absolute Carnage Deadpool comic	68
q68_3	Symbiote hunters Deadpool 2019	68
q68_4	Frank Tieri Carnage Deadpool	68
q68_5	Dark Carnage Codex hunters	68
q69_1	Deadpool vs Carnage showdown	69
q69_2	Absolute Carnage Deadpool crossover	69
q69_3	Frank Tieri Carnage comic	69
q69_4	Deadpool Ravencroft Institute madness	69
q69_5	Carnage mental hospital battle	69
q69_6	Deadpool 2019 villain clash	69
q69_7	Marcelo Ferreira Marvel action	69
q70_1	carnage symbiote avengers doverton colorado	70
q70_2	Captain America Hawkeye Wolverine vs Carnage	70
q70_3	Absolute Carnage 2019 comics	70
q70_4	Cletus Kasady takes over small town	70
q70_5	Leah Williams Zac Thompson Marvel symbiote	70
q71_1	captain marvel vs carnage symbiote	71
q71_2	carol danvers chewie absolute carnage	71
q71_3	emily lerner captain marvel 2019	71
q71_4	symbiotic space cat marvel comic	71
q71_5	captain marvel carnagized villain battle	71
q72_1	Carnage Immortal Hulk comic	72
q72_2	Red Hulk Venom symbiote 2019	72
q72_3	Thunderbolt Ross death Bruce Banner	72
q72_4	Al Ewing Filipe Andrade Hulk	72
q72_5	Absolute Carnage symbiote gamma material	72
q73_1	carnage doppelganger army manhattan	73
q73_2	absolute carnage lethal protectors 2019	73
q73_3	misty knight man-wolf battle	73
q73_4	frank tieri carnage comic	73
q73_5	cult of carnage john jameson	73
q74_1	carnage cult hunting misty knight	74
q74_2	iron fist morbius cloak dagger demogoblin	74
q74_3	absolute carnage lethal protectors 2019	74
q74_4	frank tieri carnage series	74
q74_5	demogoblin resurrection villain comic	74
q75_1	Carnage cult New York City	75
q75_2	Lethal Protectors 2019	75
q75_3	Spider-Man villain Ravencroft Institute	75
q75_4	John Jameson Misty Knight Carnage	75
q75_5	Frank Tieri Carnage story	75
q76_1	Miles Morales Carnage symbiote	76
q76_2	absolute carnage miles morales serial killer	76
q76_3	Spider-Man mind control Ravencroft	76
q76_4	Saladin Ahmed Federico Vicentini Marvel 2019	76
q76_5	Miles Morales cult of carnage connection	76
q77_1	miles morales carnage symbiote	77
q77_2	absolute carnage spider-man dark doppelganger	77
q77_3	miles morales possessed by symbiote	77
q77_4	carnage takes over miles morales	77
q77_5	saladin ahmed miles morales symbiote comic	77
q78_1	Miles Morales vs Scorpion	78
q78_2	Absolute Carnage Miles Morales comic	78
q78_3	Miles Morales symbiote venom story	78
q78_4	Saladin Ahmed Carnage cult storyline	78
q78_5	Mac Gargan Scorpion Miles Morales 2019	78
q79_1	scream carnage symbiote battle	79
q79_2	absolute carnage knull psychic influence	79
q79_3	patricia robertson scream host	79
q79_4	cullen bunn gerardo sandoval symbiote	79
q79_5	infected inmates new york carnage	79
q80_1	scream symbiote vs knull	80
q80_2	absolute carnage patricia robertson	80
q80_3	carnage knull symbiote god comic	80
q80_4	scream 2019 cullen bunn	80
q80_5	symbiote carnage storyline issue 2	80
q81_1	Scream symbiote returns Patricia Robertson	81
q81_2	Absolute Carnage Scream 2019	81
q81_3	Mania symbiote clone venom comic	81
q81_4	Cullen Bunn Scream series	81
q81_5	Patricia Robertson confronts Carnage	81
q82_1	carnage symbiotes stray dog midwest	82
q82_2	separation anxiety marvel horror comic	82
q82_3	deadpool vs carnage sequel	82
q82_4	riot phage agony lasher symbiote	82
q82_5	clay chapman brian level 2019	82
q83_1	carnage hunting symbiote hosts	83
q83_2	ghost rider alejandra jones carnage	83
q83_3	absolute carnage vengeance	83
q83_4	danny ketch symbiote god knull	83
q83_5	ed brisson juan frigeri 2019	83
q84_1	venom origin story alien symbiote	84
q84_2	carnage symbiote spider-man 2019	84
q84_3	peter david absolute carnage	84
q84_4	first host venom before eddie brock	84
q84_5	symbiote new york city untold tale	84
q85_1	carnage symbiote god knull	85
q85_2	weapon h rex strickland	85
q85_3	sym-soldier program nick fury	85
q85_4	grendel ancient symbiote origin	85
q85_5	absolute carnage weapon plus jed mackay	85
q86_1	spider-man hulk marvel one-shot 2003	86
q86_2	troy hickman dave simons comic	86
q86_3	actor charity benefit comic book	86
q86_4	spider-man incredible hulk special edition	86
q86_5	marvel holiday season benefit comic	86
q87_1	Blue Marvel vs Anti-Man	87
q87_2	Adam Brashear final battle	87
q87_3	Blue Marvel issue 5	87
q87_4	Adam legend of the blue marvel	87
q87_5	Blue Marvel arch nemesis showdown	87
q88_1	blue marvel anti-man	88
q88_2	adam legend blue marvel 2008	88
q88_3	blue marvel vs anti-man	88
q88_4	mighty avengers namor ocean battle	88
q88_5	blue marvel defeats villain comic	88
q89_1	Blue Marvel comic 2008	89
q89_2	Adam forgotten hero Marvel	89
q89_3	Tony Stark investigates Blue Marvel	89
q89_4	what happened space Blue Marvel	89
q89_5	Marvel golden age guardian mystery	89
q90_1	blue marvel iron man investigation	90
q90_2	anti-man attacks avengers	90
q90_3	kevin grevioux marvel comics	90
q90_4	shield government secrets superhero	90
q90_5	blue marvel disappearance 40 years	90
q91_1	blue marvel anti-man	91
q91_2	blue marvel first appearance 2008	91
q91_3	Kevin Grevioux new Marvel superhero	91
q91_4	Iron Man searches for Blue Marvel	91
q91_5	hidden hero returns to fight villain	91
q92_1	man-thing whatever knows fear	92
q92_2	man-thing bayou horror comics	92
q92_3	Man-Thing 2004 series collection	92
q92_4	fear swamp creature graphic novel	92
q92_5	adventure into fear man-thing tpb	92
q93_1	man-thing vampire story finale	93
q93_2	adventure into fear 31 martine bancroft	93
q93_3	bill mantlo frank robbins 1970s horror	93
q93_4	end of a vampire comic	93
q93_5	man-thing fear series martine doomed	93
q94_1	morbius vampire comic 1970s	94
q94_2	bloody sacrifice living vampires	94
q94_3	bill mantlo george evans adventure into fear	94
q94_4	morbius encounters pack vampires	94
q94_5	adventure into fear 30 horror	94
q95_1	living vampire comics 1970s	95
q95_2	simon stroud helleyes	95
q95_3	bill mantlo don heck marvel	95
q95_4	adventure into fear living vampire	95
q95_5	horror comics pursuit vampire hunter	95
q96_1	morbius versus helleyes	96
q96_2	simon stroud mercenary comics	96
q96_3	doug moench frank robbins 1970s	96
q96_4	morbius adventure fear 28	96
q96_5	living vampire fighting helleyes	96
q97_1	man-wolf vampire comic	97
q97_2	Simon Stroud hunter marvel	97
q97_3	Doug Moench Frank Robbins 1970s	97
q97_4	adventure into fear man-wolf issue	97
q97_5	vampire hunter comics marvel bronze age	97
q98_1	adventure into fear 26	98
q98_2	caretakers of arcturus marvel	98
q98_3	doug moench frank robbins	98
q98_4	fear comic 1970s final undoing	98
q98_5	arcturus caretakers defeat	98
q99_1	morbius and martine bancroft romance	99
q99_2	michael morbius first love story	99
q99_3	adventure into fear 1970s horror comic	99
q99_4	steve gerber doug moench vampire tale	99
q99_5	frank robbins morbius blood pool	99
q100_1	blade vs morbius	100
q100_2	adventure into fear 1970s vampire hunter	100
q100_3	steve gerber blade morbius comic	100
q100_4	p craig russell marvel 1970	100
q100_5	morbius the living vampire blade battle	100
q101_1	morbius strange planet hunger	101
q101_2	adventure into fear 1970s comics	101
q101_3	steve gerber morbius issue	101
q101_4	craig russell marvel vampire	101
q101_5	morbius returns land within	101
q102_1	morbius balkatar demon	102
q102_2	adventure into fear 22 1970	102
q102_3	steve gerber rich buckler marvel	102
q102_4	morbius king gerark kingdom	102
q102_5	living vampire cornered by demon	102
q103_1	morbius psychic powers reveal	103
q103_2	adventure into fear 1970 tara	103
q103_3	steve gerber gil kane marvel	103
q103_4	morbius conscience conflict issue 21	103
q103_5	tara super powered abilities morbius	103
q104_1	morbius the living vampire first appearance	104
q104_2	adventure into fear 1970 series	104
q104_3	morbius origin story los angeles	104
q104_4	paul gulacy mike friedrich vampire comic	104
q104_5	morbius vagrant streets early 70s	104
q105_1	howard the duck first appearance	105
q105_2	adventure into fear 19	105
q105_3	steve gerber nexus of all realities	105
q105_4	jennifer kale korrek barbarian	105
q105_5	peanut butter dimension marvel 1970	105
q106_1	man-thing car crash rescue	106
q106_2	adventure into fear 1970s horror comic	106
q106_3	steve gerber man-thing jennifer kale	106
q106_4	man-thing indifferent hero victims	106
q106_5	adventure into fear 18 swamp creature	106
q107_1	man-thing wundarr alien	107
q107_2	adventure into fear 17	107
q107_3	steve gerber man-thing extraterrestrial	107
q107_4	man-thing fights alien man-child citrusville	107
q107_5	wundarr superhuman powers terror	107
q108_1	man-thing swamp monster 1970s	108
q108_2	steve gerber fear comics	108
q108_3	man-thing acidic burn	108
q108_4	industrial villain swamp horror	108
q108_5	adventure into fear man-thing	108
q109_1	man-thing new york city adventure into fear	109
q109_2	steve gerber man-thing	109
q109_3	kale family swamp monster	109
q109_4	tome of zhered-na origins	109
q109_5	man-thing florida new york how did he get there	109
q110_1	man-thing florida everglades	110
q110_2	dakimh the enchanter talisman	110
q110_3	steve gerber 1970s horror	110
q110_4	planet possession violent outbreaks comic	110
q110_5	man-thing vs mongu adventure into fear	110
q111_1	man-thing ted sallis occult	111
q111_2	jennifer kale sorcerer grandfather adventure into fear	111
q111_3	steve gerber man-thing transformation	111
q111_4	nether-spawn cult chaos comic 1970s	111
q111_5	occultist text missing man-thing restored	111
q112_1	man-thing swamp Florida racial injustice	112
q112_2	adventure into fear 12	112
q112_3	steve gerber man-thing	112
q112_4	corrupt sheriff and black man targeted	112
q112_5	man-thing racist crime story	112
q113_1	jennifer kale man-thing	113
q113_2	adventure into fear 1970	113
q113_3	steve gerber occult witch comic	113
q113_4	nether-spawn unleashed marvel horror	113
q113_5	man-thing jennifer kale bond	113
q114_1	man-thing 1970s comics	114
q114_2	gil kane adventure into fear	114
q114_3	man-thing child danger justice	114
q114_4	gerry conway horror comics	114
q114_5	man-thing father revenge story	114
q115_1	man thing 1970s horror comics	115
q115_2	Stan Lee Larry Lieber ocean adventure	115
q115_3	dead man's escape Marvel	115
q115_4	Jack Kirby fear series issue 9	115
q115_5	1970 underwater horror comic book	115
q116_1	plant monster comic 1970	116
q116_2	stan lee jack kirby adventure fear	116
q116_3	sentient plant creature rampage	116
q116_4	adventure into fear 8	116
q116_5	farmer attacked by monster stan lee larry lieber	116
q117_1	man's nightmares become real	117
q117_2	adventure into fear 1970s horror comic	117
q117_3	stan lee larry lieber jack kirby	117
q117_4	predatory creature dreams horror	117
q117_5	fear comic series 1970	117
q118_1	scientist transforms into monster serum	118
q118_2	adventure into fear 1970s horror comic	118
q118_3	stan lee larry lieber jack kirby	118
q118_4	monstrous transformation comic book	118
q118_5	revenge scientist experiments gone wrong marvel	118
q119_1	scientist gorilla transformation marvel	119
q119_2	adventure into fear 1970s comics	119
q119_3	stan lee jack kirby early 70s	119
q119_4	gorilla strength horror story	119
q119_5	adventure into fear issue 5	119
q120_1	robot loose alien mind swap	120
q120_2	adventure into fear 1970s comics	120
q120_3	stan lee larry lieber jack kirby	120
q120_4	body swap alien story marvel	120
q120_5	1970 adventure fear issue 4	120
q121_1	magic paint brings artwork to life	121
q121_2	adventure into fear 1970 issue 3	121
q121_3	larry lieber stan lee jack kirby	121
q121_4	artist given magical powers comic	121
q121_5	fear comics 70s with living art	121
q122_1	enchanted typewriter monster stories	122
q122_2	adventure into fear 1970 comics	122
q122_3	stan lee larry lieber jack kirby	122
q122_4	writer brings stories to life typewriter	122
q122_5	monster horror comic book 1970s	122
q123_1	monster in the swamp comic	123
q123_2	adventure into fear 1970	123
q123_3	stan lee jack kirby horror	123
q123_4	family encounters creature	123
q123_5	classic Marvel monster story	123
q124_1	captain america red skull final battle	124
q124_2	adventures of captain america 1991	124
q124_3	fabian nicieza kevin maguire captain america	124
q124_4	cap showdown red skull issue 4	124
q124_5	captain america devastating revelations	124
q125_1	captain america bucky red skull	125
q125_2	agent x identity reveal	125
q125_3	adventures of captain america 1991 issue 3	125
q125_4	fabian nicieza kevin maguire captain america	125
q125_5	steve rogers mystery enemy	125
q126_1	captain america bucky barnes first meeting	126
q126_2	steve rogers becomes captain america 1991	126
q126_3	cap's war against fascism	126
q126_4	kevin maguire captain america comic	126
q126_5	adventures of captain america issue 2	126
q127_1	captain america origins 1991	127
q127_2	red skull first appearance	127
q127_3	fabian nicieza captain america	127
q127_4	agent x mystery marvel	127
q127_5	kevin maguire adventures captain america	127
q127_6	sentinel of liberty origin story	127
q128_1	cyclops phoenix 1994 comic	128
q128_2	nathan dayspring techno-organic virus	128
q128_3	apocalypse stryfe host consciousness	128
q128_4	rachel summers astral plane encounter	128
q128_5	scott lobdell gene ha marvel	128
q129_1	cyclops phoenix future timeline scott lobdell	129
q129_2	nathan dayspring telepathic powers cybernetic arm	129
q129_3	rachel summers transported scott jean future	129
q129_4	cyclops phoenix 1994 comic rebellion apocalypse	129
q129_5	gene ha penciler nathan dayspring parents secret	129
q130_1	cyclops phoenix future timeline	130
q130_2	scott jean adopted names slym redd	130
q130_3	adventures cyclops phoenix 1994	130
q130_4	scott lobdell gene ha marvel comic	130
q130_5	dayspring couple mysterious stranger olde english	130
q131_1	cyclops phoenix future timeline	131
q131_2	age of apocalypse x-men	131
q131_3	jean grey scott summers dystopian	131
q131_4	rachel summers askani mother	131
q131_5	nathan summers techno-organic virus	131
q132_1	doc ock venom spider-man	132
q132_2	spider-man animated series comic 1996	132
q132_3	glenn greenberg spider-man adventures	132
q132_4	mj kidnapped doc ock venom	132
q132_5	alex saviuk spider-man issue 12	132
q133_1	venom eddie brock reunited symbiote	133
q133_2	spider-man vs doctor octopus 1996	133
q133_3	glenn greenberg spider-man comic	133
q133_4	alex saviuk penciler marvel	133
q133_5	venom origin story eddie brock	133
q134_1	spider-man tinkerer beetle surveillance	134
q134_2	spidey identity exposed 1996	134
q134_3	adventures of spider-man 10	134
q134_4	spider-man privacy threat comic	134
q134_5	alex saviuk nel yomtov spider-man	134
q135_1	spider-man mysterio arizona	135
q135_2	adventures of spider-man 1996 issue 9	135
q135_3	peter parker illusion master villain	135
q135_4	spider-man vs mysterio comic	135
q135_5	alex saviuk nel yomtov spider-man	135
q136_1	spider-man rescues mj from kingpin	136
q136_2	adventures of spider-man 1996	136
q136_3	spider-man vanessa kingpin vulnerability	136
q136_4	peter parker mj kidnapped	136
q136_5	alex saviuk spider-man comic	136
q137_1	spider-man kingpin mary jane hostage	137
q137_2	peter parker kidnapped girlfriend comic	137
q137_3	adventures of spider-man 1996 issue 7	137
q137_4	nel yomtov spider-man wilson fisk	137
q137_5	mary jane in danger spider-man	137
q138_1	spider-man puppet master gallery	138
q138_2	adventures of spider-man 1996 issue 6	138
q138_3	michael higgins spider-man comic	138
q138_4	puppet master goes wrong at art show	138
q138_5	andy kuhn spider-man pencils	138
q139_1	spider-man rescues astronaut	139
q139_2	adventures of spider-man 1996 rhino	139
q139_3	spidey vs rhino comic	139
q139_4	nel yomtov spider-man issue 5	139
q139_5	andy kuhn spider-man rescue	139
q140_1	spider-man vs vulture	140
q140_2	adventures of spider-man 1996 comic	140
q140_3	nel yomtov spider-man	140
q140_4	vulture defeats spider-man plot	140
q140_5	alex saviuk penciler marvel	140
q141_1	spider-man captured by mr sinister	141
q141_2	adventures of spider-man 1996 issue 3	141
q141_3	nel yomtov spider-man comic	141
q141_4	wall-crawler vs mr sinister	141
q141_5	alex saviuk spider-man 90s	141
q142_1	spider-man stops hammerhead	142
q142_2	adventures of spider-man 1996 series	142
q142_3	spidey daily bugle threat	142
q142_4	nel yomtov spider-man comics	142
q142_5	alex saviuk spider-man issue 2	142
q143_1	spider-man vs punisher conflict	143
q143_2	spider-man 1996 comic series	143
q143_3	nel yomtov spider-man	143
q143_4	punisher fighting style disagree	143
q143_5	alex saviuk spider-man adventures	143
q144_1	X-Men cosmic battle Shi'ar Empire	144
q144_2	adventures x-men 1996 universal forces	144
q144_3	Living Tribunal Watcher X-Men	144
q144_4	X-Men Shi'ar intergalactic conflict	144
q144_5	cosmic scale X-Men final issue	144
q145_1	x-men man-thing encounter	145
q145_2	adventures of the x-men 1996 issue 11	145
q145_3	x-men darkness despair shadow	145
q145_4	man-thing x-men comic	145
q145_5	x-men team faces man-thing	145
q146_1	x-men mojoverse adventure	146
q146_2	merry mutants media darlings	146
q146_3	adventures x-men 1996 issue 10	146
q146_4	mojoworld x-men comics	146
q146_5	x-men 90s cartoon series episodes	146
q147_1	x-men vanisher cyclops jean grey	147
q147_2	adventures x-men 1996 sentinels hellfire club	147
q147_3	x-men vs spiral and sentinels	147
q147_4	storm cyclops action comics 1996	147
q147_5	x-men vanisher issue 9	147
q148_1	gambit thieves guild assassins	148
q148_2	x-men 1996 gambit brother	148
q148_3	ragin cajun war thieves	148
q148_4	adventures x-men gambit assassins guild conflict	148
q148_5	gambit cajun brother danger	148
q149_1	jubilee sabretooth fight	149
q149_2	x-men 1996 comic series	149
q149_3	savage sabretooth rite of passage	149
q149_4	jubilee adventure x-men issue 7	149
q149_5	90s x-men jubilee battle	149
q150_1	x-men magneto apocalypse alliance	150
q150_2	adventures of the x-men 1996 issue 6	150
q150_3	x-men brotherhood russian missile crisis	150
q150_4	ralph macchio ben herrera x-men comic	150
q150_5	x-men fighting apocalypse together magneto	150
q151_1	X-Men vs Magneto Asteroid M	151
q151_2	adventures of the x-men 1996 magneto brotherhood	151
q151_3	nuclear threat x-men magneto attack	151
q151_4	Ralph Macchio X-Men comic	151
q151_5	Asteroid M fall x-men retaliatory	151
q152_1	x-men salem center demons	152
q152_2	cyclops n'garai attack 1996	152
q152_3	adventures x-men issue 4	152
q152_4	ralph macchio mike miller x-men	152
q152_5	x-men team leader distress call	152
q153_1	spider-man saves mutant from mr sinister	153
q153_2	x-men 1996 spidey guest appearance	153
q153_3	ralph macchio x-men comic	153
q153_4	adventures x-men issue 3	153
q153_5	mutant rescue spider-man villain	153
q154_1	x-men vs hulk leader capture	154
q154_2	adventures of the x-men 1996 issue 2	154
q154_3	x-factor helps x-men rescue hulk	154
q154_4	ralph macchio x-men comic	154
q154_5	hulk rampage x-men x-factor team up	154
q155_1	wolverine hulk berserker captive	155
q155_2	x-men 1996 hulkbuster base	155
q155_3	ralph macchio ben herrera x-men	155
q155_4	wolverine hulk bond comic	155
q155_5	adventures x-men first issue 90s	155
q156_1	Aero Iron Man Jade Towers Shanghai	156
